title,url,servings,prepTime,cookTime,totalTime,ingredients,directions,nutrition_calories,nutrition_total_fat,nutrition_saturated_fat,nutrition_cholesterol,nutrition_sodium,nutrition_total_carbohydrate,nutrition_dietary_fiber,nutrition_total_sugars,nutrition_protein,nutrition_vitamin_c,nutrition_calcium,nutrition_iron,nutrition_potassium
Chef John&#39;s Chinese Scallion Pancakes,https://www.allrecipes.com/recipe/263821/chef-johns-chinese-scallion-pancakes/,8,30m,20m,2h 50m,"2 cups bread flour | 1.5 teaspoons kosher salt | 0.75 cup very hot water | 3 tablespoons vegetable oil | 2 teaspoons sesame oil | 1 tablespoon all-purpose flour | 1 teaspoon all-purpose flour | 1 bunch green onions, mostly green parts, thinly sliced | 1.5 tablespoons vegetable oil, or as needed","2. Combine bread flour and salt in a large bowl. Make a well in the middle and pour in hot water. Mix together with a wooden spoon to form a shaggy dough. | 3. Transfer dough onto a lightly floured work surface. Knead dough until sticky but relatively smooth and elastic, dusting with a minimal amount of flour if needed. Wrap in plastic wrap and let dough rest for 2 hours. | 4. Mix vegetable oil, sesame oil, and flour together in a skillet over medium heat until starting to bubble, about 3 minutes. Cook for 1 minute more. Remove from heat and cool to room temperature. | 5. Unwrap dough and cut in half. Roll out into a tube and press down with your fingers. Use a rolling pin to flatten dough into a rectangular shape about 1/8-inch thick, flipping over and dusting lightly with flour halfway through. | 6. Paint surface of the dough with the oil mixture until just covered, leaving 1 inch of space on the edges. Sprinkle scallions on top. Roll dough up tightly to seal in the scallions, starting with the long side. Pull the opposite edge over the top once you have reached it. | 7. Coil 1 end of the dough inward toward the middle; wrap the opposite end around the coil to finish, tucking the tip under the bottom. Dust the coil with flour and roll dough out into a pancake about 1/4-inch thick. Repeat with remaining dough, oil, and green onions to make the second pancake. | 8. Heat vegetable oil in a cast iron skillet over high heat. Add 1 pancake; lower heat to medium. Cook until crispy and browned, about 4 minutes per side. Repeat with the other pancake. Cut into wedges.",200kcal,9g,2g,not provided,366mg,25g,2g,1g,4g,5mg,26mg,not provided,109mg
Chinese Steamed Buns,https://www.allrecipes.com/recipe/7011/chinese-steamed-buns/,24,30m,45m,4h 45m,"1.75 cups all-purpose flour, divided | 0.75 cup warm water, divided | 1 tablespoon active dry yeast | 1 teaspoon white sugar | 2 tablespoons white sugar | 1 tablespoon vegetable oil | 0.25 teaspoon salt | 0.5 teaspoon baking powder","2. Gather all ingredients. | 3. Mix together 1/4 cup flour, 1/4 cup warm water, yeast, and 1 teaspoon sugar in a large bowl. Allow to sit for 30 minutes. | 4. Mix in remaining 1 ½ cups flour, remaining 1/2 cup warm water, 2 tablespoons sugar, vegetable oil, and salt. Knead until dough is smooth and elastic. | 5. Transfer to a greased bowl, roll to coat with oil, and let sit until tripled in size, 2 ½ to 3 hours. | 6. Punch down dough and spread out on a floured board. Sprinkle baking powder evenly on surface of dough; knead for 5 minutes. | 7. Divide dough in half; set aside one half in a covered bowl. Divide remaining half into 12 equal pieces. | 8. Shape each into a ball; transfer each ball to a small square of waxed paper with the smooth surface facing up. Repeat portioning and shaping with remaining dough half. Cover all 24 dough balls and let sit until doubled in size, about 30 minutes. | 9. Bring some water to a boil in a wok, then reduce heat to medium and keep water at a low boil. Place the steam plate on a small wire rack in the middle of the wok, leaving at least 2 inches of space between the plate and the wok. Working in batches, place buns on waxed paper squares onto the steam plate, leaving 1 to 2 inches between buns. | 10. Cover and steam buns for 15 minutes. Carefully remove the lid, so condensation doesn&#39;t drip onto buns. Continue steaming remaining buns until all are cooked.",44kcal,1g,0g,not provided,35mg,8g,0g,1g,1g,not provided,8mg,1mg,20mg
"Velveting Chicken Breast, Chinese Restaurant Style",https://www.allrecipes.com/recipe/261452/velveting-chicken-breast-chinese-restaurant-style/,4,10m,10m,50m,"1 large egg white | 1 tablespoon Chinese rice vinegar | 1 tablespoon cornstarch | 1 teaspoon kosher salt | 1 pound skinless, boneless chicken breast, thinly sliced | 8 cups water | 1 tablespoon peanut oil","2. Whisk together egg white, vinegar, cornstarch, and salt in a large bowl until smooth. Add sliced chicken; mix to coat thoroughly. Cover with plastic wrap and marinate in the refrigerator for 30 minutes. | 3. Bring water and oil to a boil in a pot over high heat. Reduce heat to medium. | 4. Remove chicken from the marinade and shake off excess; discard remaining marinade. Add chicken to boiling water and cook until just white on the outside but not completely cooked through, about 1 minute. | 5. Drain chicken and finish cooking in a hot oiled wok or skillet until no longer pink in the center and the juices run clear, or store parboiled chicken in the refrigerator in a sealed container until ready to use, up to a few hours.",156kcal,6g,1g,58mg,556mg,2g,not provided,0g,23g,not provided,25mg,1mg,160mg
Quick Beef Stir-Fry,https://www.allrecipes.com/recipe/228823/quick-beef-stir-fry/,4,15m,10m,25m,"2 tablespoons vegetable oil | 1 pound beef sirloin, cut into 2-inch strips | 1.5 cups fresh broccoli florets | 1 red bell pepper, cut into matchsticks | 2 carrots, thinly sliced | 1 green onion, chopped | 1 teaspoon minced garlic | 2 tablespoons soy sauce | 2 tablespoons sesame seeds, toasted","2. Gather all ingredients. | 3. Heat vegetable oil in a large wok or skillet over medium-high heat; add beef and stir-fry until browned, 3 to 4 minutes. | 4. Move beef to the side of the wok and add broccoli, bell pepper, carrots, green onion, and garlic to the center of the wok; stir-fry vegetables for 2 minutes. | 5. Stir beef into vegetables and season with soy sauce and sesame seeds. Continue to cook and stir until vegetables are tender, about 2 more minutes. | 6. Serve hot and enjoy!",268kcal,16g,4g,49mg,526mg,9g,3g,3g,23g,not provided,not provided,not provided,not provided
Easy Chinese Fried Noodles,https://www.allrecipes.com/recipe/34668/chinese-fried-noodles/,6,15m,25m,40m,"2 (3 ounce) packages soy sauce-flavored ramen noodles with seasoning packets | 2 tablespoons vegetable oil, divided | 3 large eggs, beaten | 2 teaspoons vegetable oil, divided | 4 green onions, thinly sliced | 1 small carrot, peeled and grated | 0.5 cup green peas | 0.25 cup red bell pepper, minced | 2 tablespoons sesame oil | 1 teaspoon sesame oil, or to taste | 1 teaspoon soy sauce, or to taste","2. Gather all ingredients. | 3. Bring a medium pot of water to a boil. Cook ramen noodles, reserving seasoning packets, in boiling water until softened, about 3 minutes. Drain noodles and set aside. | 4. Heat 1 tablespoon vegetable oil in a small skillet. Cook and stir beaten eggs in hot oil until scrambled and firm. Set aside. | 5. Heat 1 teaspoon vegetable oil in a large skillet or wok over medium heat. Add green onions into hot oil and stir fry until softened, 2 to 3 minutes. Remove green onions to a plate; set aside. | 6. Heat remaining 1 teaspoon vegetable oil in the same wok or skillet over medium heat. Add carrots, peas, and bell pepper separately; stir frying until softened, removing each to the plate with green onions when done. | 7. Combine 2 tablespoons sesame oil with remaining 1 tablespoon vegetable oil in the same skillet or a wok over medium heat. Stir fry cooked noodles in hot sesame-vegetable oil, tossing frequently, until golden, 3 to 5 minutes. Season with desired amounts of sesame oil, soy sauce, and reserved ramen seasoning packets; toss to coat. | 8. Stir in cooked vegetables, tossing frequently, until heated through, about 5 more minutes. | 9. Enjoy!",161kcal,13g,3g,69mg,294mg,7g,1g,1g,4g,16mg,33mg,1mg,144mg
Char Siu (Chinese BBQ Pork),https://www.allrecipes.com/recipe/232681/char-siu-chinese-bbq-pork/,4,10m,35m,2h 45m,0.5 cup soy sauce | 0.333 cup honey | 0.333 cup ketchup | 0.333 cup brown sugar | 0.25 cup Chinese rice wine | 2 tablespoons hoisin sauce | 2 tablespoons red bean curd | 1 teaspoon Chinese five-spice powder | 2 (1 pound) pork tenderloins,"2. Gather all ingredients. | 3. Stir soy sauce, honey, ketchup, brown sugar, rice wine, hoisin sauce, red bean curd, and five-spice powder together in a saucepan over medium-low heat. Cook and stir until just combined and slightly warm, 2 to 3 minutes. | 4. Meanwhile, slice each pork tenderloin lengthwise into 1 ½- to 2-inch-thick strips. Place pork strips in a large, resealable plastic bag. | 5. Pour marinade into the bag with the pork. Squeeze air from the bag, seal, and turn the bag a few times until pork is well coated. Marinate in the refrigerator, 2 hours to overnight. | 6. When ready to cook, preheat a charcoal grill for medium-high heat and lightly oil the grate. | 7. Remove pork from marinade and shake to remove excess liquid. Set aside the remaining marinade for basting. | 8. Rake the hot coals into two equal piles on opposite sides of the charcoal grate. Add a small container of water to the grate. Place pork strips in the center of the grate for indirect cooking. | 9. Cook pork over indirect heat, turning regularly and basting as desired, until an instant-read thermometer inserted into the center reads at least 145 degrees F (63 degrees C), 30 minutes or longer. | 10. Serve hot and enjoy!",483kcal,9g,3g,127mg,2250mg,54g,1g,48g,44g,not provided,not provided,not provided,not provided
Super Easy Cabbage Stir Fry,https://www.allrecipes.com/recipe/174210/super-easy-stir-fried-cabbage/,4,10m,5m,15m,"1 tablespoon vegetable oil | 2 cloves garlic, minced | 1 pound shredded cabbage | 1 tablespoon soy sauce | 1 tablespoon Chinese cooking wine (Shaoxing wine)","2. Heat vegetable oil in a wok or large skillet over medium heat. Stir in garlic and cook until it begins to brown, 3 to 5 seconds. | 3. Stir in cabbage until coated in oil; cover the wok and cook for 1 minute. | 4. Pour in soy sauce; cook and stir for another minute. Increase heat to high and stir in Chinese cooking wine. Cook and stir until cabbage is tender, about 2 minutes more. | 5. Serve hot and enjoy!",65kcal,4g,1g,not provided,270mg,7g,3g,4g,2g,42mg,49mg,1mg,208mg
Perfect Pot Stickers,https://www.allrecipes.com/recipe/261153/perfect-pot-stickers/,6,25m,5m,1h 0m,"1 pound ground pork | 4 cloves minced garlic | 0.5 cup finely chopped green onions | 3 tablespoons very finely minced fresh ginger | 2 tablespoons soy sauce | 1 teaspoon soy sauce | 1 teaspoon sesame oil | 1 pinch cayenne pepper | 1.5 cups finely chopped green cabbage | 2.5 cups all-purpose flour, or more as needed | 0.75 teaspoon kosher salt | 1 cup hot water, about 130 -150 F (55-65 C) | 0.25 cup seasoned rice vinegar | 0.25 cup soy sauce | 6 tablespoons vegetable oil for frying, or as needed - divided | 8 tablespoons water for steaming, divided","2. To make the filling: Place ground pork, green onions, garlic, ginger, 2 tablespoon plus 1 teaspoon soy sauce, sesame oil, and cayenne in a mixing bowl. Top with chopped green cabbage. Mix with fork until thoroughly combined. Tamp down lightly; cover with plastic. Refrigerate until chilled, about an hour. | 3. To make the dough: Place 2 ½ cups of flour and kosher salt in a mixing bowl. Slowly pour in hot water. Stir with a wooden spoon until mixture forms a shaggy dough. Flour your hands and transfer dough to a work surface. Knead dough until it becomes smooth and elastic, about 3 to 5 minutes. If dough seems too sticky, sprinkle with a bit more flour, up to an additional 1/2 cup, and continue to knead. Wrap dough ball in plastic, and let it rest about 30 minutes. | 4. When dough has rested, divide into 4 equal pieces. Cover 3 pieces with a dish cloth while you work the first piece. Roll into a small log about the thickness of a thumb, about 3/4 inch. Divide each log into 6 equal pieces. Roll each piece into a thin 3 ½-inch circle on a lightly floured surface to form the pot sticker wrappers. Repeat with the remaining dough pieces. | 5. Lightly moisten the edges of a wrapper with your wet finger. Place a small scoop of the ground pork mixture onto the center of a wrapper. Fold up the 2 sides and pinch together in the center. Pinch together the remaining edges, forming &#34;pleats&#34; along one side. Tap the pot sticker on the work surface to slightly flatten the bottom; form a slight curve in it so it stands upright in the pan. Transfer to a well-floured plate. Repeat with remaining dough and filling. | 6. To make the dipping sauce: Mix seasoned rice vinegar and soy sauce together in a small mixing bowl. Set aside. | 7. Heat oil in skillet over medium-high heat. Place about 6 or 7 pot stickers in the hot oil, flat-side down. Cook until bottoms are golden brown, about 2 minutes. Drizzle in water and quickly cover the pan; steam for 3 minutes. Uncover; reduce heat to medium. Continue cooking until water evaporates and bottoms are browned and crunchy, 1 or 2 minutes. Transfer to a warm serving dish. Repeat with remaining pot stickers. | 8. Serve dumplings with dipping sauce.",439kcal,19g,6g,55mg,1453mg,46g,2g,4g,20g,not provided,not provided,not provided,not provided
Pork Dumplings,https://www.allrecipes.com/recipe/14759/pork-dumplings/,10,45m,15m,1h 0m,"100 (3.5 inch square) wonton wrappers | 1.75 pounds ground pork | 1 tablespoon minced fresh ginger root | 4 cloves garlic, minced | 2 tablespoons thinly sliced green onion | 4 tablespoons soy sauce | 3 tablespoons sesame oil | 1 egg, beaten | 5 cups finely shredded Chinese cabbage","2. Combine pork, ginger, garlic, green onion, soy sauce, sesame oil, egg and cabbage in a large bowl. Stir until well mixed. | 3. Place 1 heaping teaspoon of pork filling onto each wonton skin. Moisten edges with water and fold edges over to form a triangle shape. Roll edges slightly to seal in filling. Set dumplings aside on a lightly floured surface until ready to cook. | 4. Arrange dumplings in a covered bamboo or metal steamer so they don&#39;t touch to prevent them from sticking together; steam until pork is cooked through, about 15 minutes. | 5. Serve hot and enjoy!",752kcal,29g,9g,129mg,1449mg,81g,3g,1g,39g,not provided,not provided,not provided,not provided
Daddy&#39;s Shrimp Toast,https://www.allrecipes.com/recipe/25870/daddys-shrimp-toast/,8,35m,15m,50m,"1 pound fresh shrimp, peeled, deveined and finely minced | 0.5 medium yellow onion, minced | 0.5 cup finely chopped water chestnuts | 0.5 cup finely chopped celery | 1 green onion, finely chopped | 0.5 cup cooked crabmeat | 1 large egg, beaten | 1.5 tablespoons chopped fresh parsley | 1 teaspoon sesame oil | 1 teaspoon minced garlic | 5 drops soy sauce | salt and ground black pepper to taste | 0.25 cup soy sauce | 3 tablespoons chopped fresh parsley | 1 tablespoon water | 1 teaspoon sesame oil | 1 teaspoon white sugar | 0.25 teaspoon garlic powder, or to taste | 2 cups oil for frying | 8 thick slices white bread","2. Gather all ingredients. | 3. Make the shrimp paste: Mix shrimp, onion, water chestnuts, celery, and green onion together in a mixing bowl. Stir in crabmeat, egg, parsley, sesame oil, garlic, soy sauce, salt, and pepper. | 4. Make the dipping sauce: Whisk soy sauce, parsley, water, sesame oil, sugar, and garlic powder together in a small bowl. | 5. Make the toast: Heat 1/2 inch oil in a large, heavy skillet over medium heat. | 6. Spread each slice bread with a thick layer of shrimp paste, pressing gently so it sticks to bread. | 7. Working in batches, fry bread, paste-side down, in hot oil until golden and shrimp is pink, 2 to 3 minutes. Flip carefully and cook until bread is golden brown, about 1 minute. Drain on paper towels. | 8. Slice shrimp toasts diagonally and serve with dipping sauce.",666kcal,59g,8g,116mg,817mg,18g,1g,not provided,17g,5mg,90mg,3mg,221mg
General Tso&#39;s Chicken,https://www.allrecipes.com/recipe/91499/general-tsaos-chicken-ii/,6,25m,25m,50m,"4 cups vegetable oil for frying | 1 large egg | 1.5 pounds skinless, boneless chicken thighs, cut into 1 1/2-inch pieces | 1 teaspoon salt | 1 teaspoon white sugar | 1 pinch white pepper | 1 cup cornstarch | 2 tablespoons vegetable oil | 3 tablespoons chopped green onion | 1 clove garlic, minced | 6 dried whole red chilies | 1 strip orange zest | 0.5 cup white sugar | 0.25 cup soy sauce | 3 tablespoons chicken broth | 2 tablespoons peanut oil | 1 tablespoon rice vinegar | 2 teaspoons sesame oil | 0.25 teaspoon ground ginger | 2 teaspoons cornstarch | 0.25 cup water","2. Heat vegetable oil in a deep fryer or large saucepan to 375 degrees F (190 degrees C). | 3. Whisk egg in large mixing bowl. Add chicken, salt, sugar, and pepper; mix well. Mix in cornstarch, a little bit at a time, until chicken is well coated. | 4. Working in batches, carefully drop one piece of chicken at a time into the hot oil. Fry until chicken turns golden brown and begins to float, about 3 minutes. Remove chicken to a plate and allow to cool as you fry the next batch. | 5. Once all of the chicken has been fried, refry the chicken, starting with the batch that was cooked first. Fry each batch until chicken turns deep golden brown, about 2 minutes more. Drain on a paper towel-lined plate. | 6. To make the sauce: Heat vegetable oil in a wok or large skillet over high heat. Stir in green onion, garlic, whole chiles, and orange zest. Cook and stir until garlic turns golden and chiles brighten, 1 to 2 minutes. | 7. Add sugar, soy sauce, chicken broth, peanut oil, rice vinegar, sesame oil, and ginger; bring to a boil and cook for 3 minutes. Whisk 2 teaspoons of cornstarch in water until dissolved. Stir into the boiling sauce. Return to a boil and cook until the sauce thickens and is no longer cloudy from the cornstarch, about 1 minute. | 8. Stir chicken into the boiling sauce. Reduce heat to low and cook until chicken is heated through and has absorbed some of the sauce, about 3 minutes.",634kcal,37g,6g,101mg,1192mg,55g,1g,18g,24g,not provided,not provided,not provided,not provided
Spicy Szechuan Green Beans,https://www.allrecipes.com/recipe/247349/spicy-szechuan-green-beans/,2,15m,10m,25m,"0.5 pound green beans, trimmed and cut into 1-inch pieces | 0.25 cup water | 1 tablespoon minced ginger | 2 cloves garlic, minced | 1 teaspoon sesame oil | 2 tablespoons soy sauce | 1 tablespoon rice vinegar | 0.5 teaspoon white sugar | 0.25 teaspoon red pepper flakes","2. Combine green beans and water in a skillet over medium-high heat. Cover and cook, stirring occasionally, until beans are tender-crisp, 4 to 5 minutes. Add ginger, garlic, and sesame oil; cook, stirring frequently, until garlic is fragrant and golden brown, 1 to 2 minutes. | 3. Mix soy sauce, rice vinegar, sugar, and red pepper flakes together in a small bowl. Pour over beans and cook until sauce thickens enough to coat beans, 3 to 5 minutes.",73kcal,3g,0g,not provided,911mg,11g,4g,2g,3g,20mg,52mg,2mg,303mg
Taiwanese Popcorn Chicken,https://www.allrecipes.com/recipe/263930/popcorn-chicken-taiwanese/,6,30m,15m,55m,"1.5 pounds boneless chicken thighs, cut into bite-size pieces | 2 cloves garlic, finely chopped | 1 tablespoon soy sauce | 2 teaspoons grated ginger | 1 teaspoon five-spice powder | 1 teaspoon ground white pepper, or to taste | 1 teaspoon salt, or to taste | 0.5 teaspoon rice vinegar | 0.5 teaspoon cayenne pepper | 1 large egg | 1 cup tempura batter mix, dry, or as needed | 2 cups peanut oil for frying, or as needed | 1 bunch Thai basil, chopped | 2 green onions, chopped","2. Mix chicken, garlic, soy sauce, ginger, five-spice powder, white pepper, salt, vinegar, and cayenne pepper together in a large bowl until well combined. Let marinate for 10 minutes. | 3. Heat oil in a deep-fryer or large saucepan to 400 degrees F (200 degrees C). | 4. Whisk egg in a small bowl until smooth. Place dry tempura mix into a second small bowl. Dip chicken pieces one at a time into egg, then dredge in tempura mix, shaking off any excess. | 5. Working in batches, lower chicken carefully into hot oil and fry until golden brown, 5 to 8 minutes. Transfer to a paper towel-lined plate to drain and season with salt and pepper. | 6. Transfer chicken to a platter and garnish with basil leaves and green onions.",940kcal,92g,18g,126mg,655mg,8g,1g,not provided,22g,6mg,49mg,2mg,286mg
Shrimp with Broccoli in Garlic Sauce,https://www.allrecipes.com/recipe/223156/shrimp-with-broccoli-in-garlic-sauce/,4,15m,15m,30m,"2 cups fresh broccoli florets | 1 tablespoon water | 2 tablespoons peanut oil | 4 large cloves garlic, minced | 1 cup low-sodium chicken broth | 1 tablespoon soy sauce | 1 tablespoon oyster sauce | 2 teaspoons grated fresh ginger root | 1 pound uncooked medium shrimp, peeled and deveined | 0.25 cup canned water chestnuts, drained | 2 tablespoons cornstarch","2. Combine broccoli and water in a glass bowl; steam in microwave oven until slightly tender, 2 to 3 minutes. | 3. Heat peanut oil in a large skillet or wok over medium-high heat. Add garlic and cook until fragrant, about 1 minute. Reduce heat to low. Add chicken broth, soy sauce, oyster sauce, and ginger root to the garlic; bring to a boil. Add shrimp; cook and stir until the shrimp turn pink, 3 to 4 minutes. | 4. Toss steamed broccoli and water chestnuts with shrimp mixture to coat with sauce. Stir cornstarch into mixture, 1 tablespoon at a time, until sauce thickens, about 5 minutes.",264kcal,9g,2g,239mg,1468mg,15g,3g,2g,30g,52mg,146mg,1mg,555mg
Moo Shu Pork,https://www.allrecipes.com/recipe/175631/mu-shu-pork/,8,15m,15m,1h 0m,"2 tablespoons soy sauce | 2 tablespoons white wine | 1 teaspoon sesame oil | 2 teaspoons cornstarch | 1 pound pork tenderloin, cut into thin strips | 1.75 ounces dried shiitake mushrooms | 0.5 cup sliced green onions | 3 tablespoons minced garlic | 2 tablespoons peeled and minced fresh ginger | 1 head napa cabbage | 3 tablespoons soy sauce | 3 tablespoons white wine | 0.5 teaspoon cornstarch | 0.5 teaspoon white sugar | 0.25 teaspoon ground black pepper | 1 tablespoon vegetable oil, plus more if needed | 1 teaspoon sesame oil | 2 large eggs, beaten | 2 tablespoons white wine | 1 cup hoisin sauce | 1 tablespoon soy sauce | 1 teaspoon sesame oil | 16 frozen Chinese moo shu pancakes, thawed and warmed","2. Gather the ingredients. | 3. Place 2 tablespoons of soy sauce, 2 tablespoons of white wine, 1 teaspoon of sesame oil, and 2 teaspoons of cornstarch in a non-reactive bowl; stir until smooth. Stir pork into marinade until thoroughly coated; refrigerate for 30 minutes to an hour. | 4. Meanwhile, pour hot water over mushrooms in a bowl; set aside to soften for 15 to 20 minutes. Drain mushrooms; pat dry, remove any hard stem pieces, and finely chop. Combine mushrooms, green onions, garlic, and ginger in a bowl; set aside. | 5. Remove outer leaves from napa cabbage; tear green leafy portions from the central stalks of the leaves. Slice stalks into thin 1-inch pieces. Finely chop green leafy portions, and set aside the sliced stems and chopped leaves in separate bowls. | 6. Combine 3 tablespoons of soy sauce, 3 tablespoons of white wine, 1/2 teaspoon of cornstarch, sugar, and ground black pepper in a small bowl; set aside. | 7. Heat vegetable oil and 1 teaspoon of sesame oil in a wok over medium-high heat. Add marinated pork; cook and stir until cooked through and edges have begun to brown, about 5 minutes. Transfer pork to a bowl. | 8. Pour beaten eggs into the hot wok, adding more vegetable oil if necessary; cook and stir until eggs are scrambled, firm, and well-broken up, about 2 minutes. Stir in mushroom mixture; cook and stir 1 to 2 minutes. Add napa cabbage stem pieces; cook and stir until hot but still crunchy, about 1 minute. Add chopped cabbage leaves and 2 tablespoons of white wine; cook and stir until hot, about 1 minute. Add cooked pork and reserved cornstarch mixture. Stir everything together until slightly thickened and hot, about 2 minutes. | 9. Mix hoisin sauce, 1 tablespoon of soy sauce, and 1 teaspoon of sesame oil in a small bowl until thoroughly combined. | 10. To serve, spread about 1 tablespoon of hoisin mixture on each pancake, top with about 1/2 cup of the pork mixture, roll, and serve.",355kcal,8g,2g,72mg,1244mg,53g,4g,12g,17g,not provided,not provided,not provided,not provided
Mongolian Beef and Spring Onions,https://www.allrecipes.com/recipe/201849/mongolian-beef-and-spring-onions/,4,15m,10m,35m,"2 teaspoons vegetable oil | 1 tablespoon finely chopped garlic | 0.5 teaspoon grated fresh ginger root | 0.66666668653488 cup dark brown sugar | 0.5 cup soy sauce | 0.5 cup water | 1 pound beef flank steak, sliced 1/4 inch thick on the diagonal | 0.25 cup cornstarch | 1 cup vegetable oil for frying | 2 bunches green onions, cut in 2-inch lengths","2. Gather all ingredients. | 3. Heat 2 teaspoons of vegetable oil in a saucepan over medium heat. Add garlic and ginger; cook and stir until fragrant, about 30 seconds. | 4. Stir in brown sugar, soy sauce, and water. | 5. Increase heat to medium-high; stir until sauce boils and slightly thickens, about 4 minutes. Remove sauce from the heat and set aside. | 6. Place beef into a large bowl; add cornstarch and mix until beef is thoroughly coated. | 7. Set aside until most of the cornstarch has been absorbed, about 10 minutes. | 8. Heat vegetable oil in a deep skillet to 375 degrees F (190 degrees C). Shake excess cornstarch from beef slices and drop into hot oil, a few at a time, stirring briefly and frying until edges become crisp, about 2 minutes. | 9. Remove beef with a large slotted spoon; drain on paper towels. | 10. Remove excess oil from the skillet, then heat the skillet over medium heat; add beef slices and stir in prepared sauce. Add green onions and bring to a boil; cook until the onions have just softened and are bright green, about 1 to 2 minutes. | 11. Serve and enjoy!",391kcal,12g,3g,27mg,1862mg,55g,3g,39g,18g,22mg,130mg,4mg,606mg
Chinese Spareribs,https://www.allrecipes.com/recipe/77408/chinese-spareribs/,2,5m,40m,2h 45m,3 tablespoons hoisin sauce | 1 tablespoon ketchup | 1 tablespoon honey | 1 tablespoon soy sauce | 1 tablespoon sake | 1 teaspoon rice vinegar | 1 teaspoon lemon juice | 1 teaspoon grated fresh ginger | 0.5 teaspoon grated fresh garlic | 0.25 teaspoon Chinese five-spice powder | 1 pound pork spareribs,"2. Gather all ingredients. | 3. Mix hoisin sauce, ketchup, honey, soy sauce, sake, rice vinegar, lemon juice, ginger, garlic, and five-spice powder together in a shallow glass dish. Place ribs in the dish and turn to coat. Cover and marinate in the refrigerator for 2 hours or up to overnight. | 4. Preheat the oven to 325 degrees F (165 degrees C). Fill a broiler tray with enough water to cover the bottom. Place the grate or a rack over the tray; arrange ribs on the grate. | 5. Cook in the preheated oven on the center rack for 40 minutes, turning and brushing with marinade every 10 minutes. | 6. Let marinade cook on for final 10 minutes to make a glaze. Finish under the broiler if desired. Discard any remaining marinade.",503kcal,31g,11g,121mg,1015mg,23g,1g,18g,30g,3mg,62mg,3mg,407mg
Crispy Chinese Noodles,https://www.allrecipes.com/recipe/222814/crispy-chinese-noodles-restaurant-style/,8,5m,15m,20m,"1 (10 ounce) package egg roll wrappers | 2 cups vegetable oil, or as needed","2. Gather the ingredients. | 3. Cut egg roll wrappers into 1-inch strips. | 4. Heat a wok over medium heat until very hot. Pour oil into the hot wok and heat until shimmering. To test the heat, lower the tip of a wooden chopstick into the oil; if it bubbles vigorously, the oil is ready. | 5. Gently place 2 to 3 strips into hot oil; cook until beginning to brown on one side, 30 seconds to 1 minute. Gently flip and cook until crisp and golden brown all over, 30 seconds to 1 minute more. | 6. Use a slotted spoon to transfer fried strips to a paper towel-lined plate. Repeat to fry remaining strips.",151kcal,6g,1g,3mg,200mg,20g,1g,not provided,3g,not provided,16mg,1mg,29mg
Chinese Tea Eggs,https://www.allrecipes.com/recipe/51326/chinese-tea-leaf-eggs/,8,20m,3h 0m,11h 20m,"3 cups water | 2 tablespoons black tea leaves | 1 tablespoon soy sauce | 1 tablespoon black soy sauce | 1 tablespoon tangerine zest | 1 (2 inch) piece cinnamon stick | 2 pods star anise | 1.25 teaspoons salt, divided | 8 large eggs","2. Gather all ingredients. | 3. Combine 3 cups water, tea leaves, soy sauce, black soy sauce, zest, cinnamon stick, star anise, and 1/4 teaspoon salt in a large saucepan; bring to a boil. Reduce heat, cover, and simmer for 3 hours. | 4. Meanwhile, place eggs and remaining 1 teaspoon salt into a medium pot; cover with cold water. Bring to a boil, reduce heat, and simmer for 20 minutes. | 5. Remove from heat, drain, and cool. Tap cooled eggs with the back of a spoon to crack shells; do not remove shells. | 6. Remove the saucepan from the heat. Add eggs and let steep for at least 8 hours, or for a richer flavor, up to 1 ½ days.",75kcal,5g,2g,186mg,624mg,1g,0g,0g,7g,0mg,35mg,1mg,91mg
Chinese Eggplant with Garlic Sauce,https://www.allrecipes.com/recipe/201964/eggplant-with-garlic-sauce/,6,10m,15m,25m,"3 tablespoons canola oil | 4 Chinese eggplants, halved lengthwise and cut into 1 inch half moons | 1 cup water | 3 tablespoons garlic powder | 1 tablespoon crushed red pepper flakes | 2 tablespoons light soy sauce | 2 tablespoons oyster sauce | 5 teaspoons white sugar | 1 teaspoon cornstarch","2. Heat oil in a large skillet over high heat. Cook and stir eggplant in hot oil until soft, about 4 minutes. Stir in water, garlic powder, and red pepper flakes. Cover and simmer until water is absorbed. | 3. Meanwhile, whisk soy sauce, oyster sauce, sugar, and cornstarch together in a small bowl until sugar and cornstarch are dissolved. | 4. Stir soy sauce mixture into eggplant until evenly coated; continue cooking until sauce has thickened.",187kcal,8g,1g,not provided,224mg,29g,13g,13g,5g,10mg,41mg,1mg,927mg
Authentic Chinese Egg Rolls (from a Chinese person),https://www.allrecipes.com/recipe/61913/authentic-chinese-egg-rolls-from-a-chinese-person/,20,1h 0m,30m,2h 30m,"4 teaspoons vegetable oil, divided | 3 large eggs, beaten | 1 medium head cabbage, finely shredded | 0.5 carrot, julienned | 1 pound Chinese barbequed or roasted pork, cut into matchsticks | 1 (8 ounce) can shredded bamboo shoots | 1 cup dried, shredded wood ear mushroom, rehydrated | 2 green onions, thinly sliced | 2.5 teaspoons soy sauce | 1 teaspoon salt | 1 teaspoon sugar | 0.5 teaspoon monosodium glutamate (MSG) | 1 (14 ounce) package egg roll wrappers | 1 egg white, beaten | 4 cups oil for frying, or as needed","2. Heat 1 teaspoon vegetable oil in a wok or large skillet over medium heat. Pour in beaten eggs and cook, without stirring, until firmed up. Flip eggs over and cook for an additional 20 seconds to firm the other side. Set egg pancake aside to cool, then slice into thin strips. | 3. Heat remaining vegetable oil in a wok or large skillet over high heat. Stir in cabbage and carrot; cook for 2 minutes to wilt. Add pork, bamboo shoots, mushroom, green onions, soy sauce, salt, sugar, and MSG; continue cooking until vegetables soften, about 6 minutes. Stir in sliced egg, then spread the mixture out onto a pan, and refrigerate until cold, about 1 hour. | 4. To assemble the egg rolls: Place a wrapper onto your work surface with one corner pointing towards you. Place about 3 tablespoons of cooled filling in a heap onto the bottom third of the wrapper. Brush a little beaten egg white onto the top two edges of the wrapper, then fold the bottom corner over the filling and roll firmly to the halfway point. Fold the left and right sides snugly over the egg roll, then continue rolling until the top corners seal the egg roll with the egg white. Repeat with remaining egg roll wrappers, covering finished egg rolls with plastic wrap to keep from drying out. | 5. Heat about 6 inches of oil in a wok or deep-fryer to 350 degrees F (175 degrees C). | 6. Fry egg rolls 3 or 4 at a time until golden brown, 5 to 7 minutes. Drain on paper towels.",169kcal,7g,1g,46mg,315mg,16g,3g,2g,10g,17mg,38mg,1mg,232mg
Chicken Fried Rice,https://www.allrecipes.com/recipe/16954/chinese-chicken-fried-rice-ii/,4,5m,10m,15m,"1 egg | 1 tablespoon water | 1 tablespoon butter | 1 tablespoon vegetable oil | 1 onion, chopped | 2 cups cooked white rice, cold | 1 cup cooked, chopped chicken meat | 2 tablespoons soy sauce | 1 teaspoon ground black pepper","2. Gather all ingredients. | 3. Beat egg and water together in small bowl. Melt butter in a large skillet or wok over medium-low heat; add egg and cook without stirring, 1 to 2 minutes. Remove egg from skillet and cut into shreds; set aside. | 4. Heat oil in the same skillet. Add onion; cook and stir until soft, about 3 minutes. Stir in rice, chicken, soy sauce, and pepper. Cook and stir for about 5 minutes; stir in shredded egg. Serve hot.",255kcal,10g,3g,83mg,516mg,26g,1g,1g,14g,2mg,31mg,2mg,172mg
Pork Lo Mein,https://www.allrecipes.com/recipe/231523/pork-lo-mein/,4,15m,15m,30m,"1 (8 ounce) package linguine | 0.33333334326744 cup low-sodium soy sauce | 2 tablespoons rice vinegar | 2 teaspoons cornstarch | 1 teaspoon white sugar | 0.5 teaspoon sesame oil | 2 tablespoons canola oil | 2 cups snap peas | 1 small sweet onion, chopped | 1 (12 ounce) pork tenderloin, cut into thin strips | 1 (8 ounce) package sliced white mushrooms | 1 medium red bell pepper, chopped | 3 cloves garlic, chopped, divided | 0.5 teaspoon chopped fresh ginger, or to taste | 3 green onions, sliced","2. Bring a large pot of lightly salted water to a boil; cook the linguine at a boil until tender yet firm to the bite, 8 to 9 minutes; drain. | 3. Meanwhile, whisk soy sauce, vinegar, cornstarch, sugar, and sesame oil together in a small bowl. | 4. Heat canola oil in a large skillet over medium-high heat. Add snap peas and onion; cook and stir until onion is translucent, about 2 minutes. Add pork, mushrooms, red bell pepper, 1/3 of the garlic, and ginger; cook until pork is no longer pink, about 2 minutes. | 5. Add remaining garlic to the skillet and cook until fragrant, about 1 minute. Pour in soy sauce mixture; cook and stir until sauce thickens, about 1 minute. Remove from the heat. | 6. Stir linguine into the skillet until coated; sprinkle green onions over top.",415kcal,11g,2g,37mg,794mg,55g,5g,7g,26g,73mg,60mg,4mg,762mg
Szechwan Shrimp,https://www.allrecipes.com/recipe/86230/szechwan-shrimp/,4,10m,5m,15m,"4 tablespoons water | 2 tablespoons ketchup | 1 tablespoon soy sauce | 2 teaspoons cornstarch | 1 teaspoon honey | 0.5 teaspoon crushed red pepper | 0.25 teaspoon ground ginger | 1 tablespoon vegetable oil | 0.25 cup sliced green onions | 4 cloves garlic, minced | 12 ounces cooked shrimp, tails removed","2. Stir together water, ketchup, soy sauce, cornstarch, honey, crushed red pepper, and ground ginger in a small bowl until combined. Set aside. | 3. Heat oil in a large skillet over medium-high heat. Cook and stir green onions and garlic in hot oil until fragrant, about 30 seconds. Stir in cooked shrimp; toss to coat with oil. Pour in ketchup mixture. Cook and stir until sauce is bubbly and thickened.",142kcal,4g,1g,164mg,500mg,7g,0g,4g,18g,5mg,46mg,3mg,231mg
Szechuan Beef,https://www.allrecipes.com/recipe/20095/szechuan-beef/,6,10m,10m,40m,"1 tablespoon soy sauce | 2 teaspoons cornstarch | 1 clove garlic, minced | 0.25 teaspoon crushed red pepper | 1 pound sirloin steak, cut into bite size strips | 2 tablespoons vegetable oil | 3 cups fresh broccoli florets | 2 small onions, cut into wedges | 1 (8 ounce) can water chestnuts, drained | 0.25 cup chicken broth | 0.5 cup peanuts","2. Stir together soy sauce, cornstarch, garlic, and crushed red pepper in a non-metal bowl. Add steak and toss to coat. Cover the bowl and refrigerate for 20 minutes. | 3. Heat oil in a wok or large skillet over high heat. Stir-fry beef in hot oil until no longer pink, about 5 minutes. Add broccoli, onions, and water chestnuts; cook and stir for 2 minutes. Pour in broth and bring to a boil. Stir in peanuts; cook for 1 minute and serve hot.",306kcal,21g,5g,44mg,243mg,13g,4g,3g,18g,43mg,46mg,3mg,501mg
Orange Chicken,https://www.allrecipes.com/recipe/61024/asian-orange-chicken/,4,20m,20m,2h 50m,"1.5 cups water | 0.33333334326744 cup rice vinegar | 0.25 cup lemon juice | 2.5 tablespoons soy sauce | 2 tablespoons orange juice | 1 cup packed brown sugar | 2 tablespoons chopped green onion | 1 tablespoon grated orange zest | 0.5 teaspoon minced fresh ginger root | 0.5 teaspoon minced garlic | 0.25 teaspoon red pepper flakes | 3 tablespoons cornstarch | 2 tablespoons water | 2 large skinless, boneless chicken breasts, cut into 1/2-inch cubes | 1 cup all-purpose flour | 0.25 teaspoon salt | 0.25 teaspoon pepper | 3 tablespoons olive oil","2. Gather all ingredients. | 3. Combine water, rice vinegar, lemon juice, soy sauce, and orange juice for sauce into a saucepan over medium-high heat. Stir in brown sugar, green onion, orange zest, ginger, garlic, and pepper flakes; bring to a boil. Remove from heat, and cool for 10 to 15 minutes. | 4. Place chicken in a resealable plastic bag. Pour in 1 cup cooled sauce. Seal the bag, and refrigerate for at least 2 hours. Reserve the remaining sauce. | 5. Mix flour, salt, and pepper in another resealable plastic bag. | 6. Remove chicken from the marinade and place into the bag of seasoned flour. Seal the bag and shake to coat. | 7. Heat the olive oil in a large skillet over medium heat. Cook chicken in the hot skillet until browned on both sides. | 8. Remove to a paper towel-lined plate and cover with aluminum foil. Wipe out the skillet. | 9. Pour reserved sauce into the skillet and bring to a boil over medium-high heat. Mix together cornstarch and water until completely smooth. Stir into the boiling sauce. | 10. Reduce heat to medium-low, add the chicken, and simmer, stirring occasionally, until cooked through, about 5 minutes. | 11. Serve over rice and enjoy!",445kcal,11g,2g,34mg,763mg,69g,1g,37g,18g,not provided,not provided,not provided,not provided
Chicken in Black Bean Sauce,https://www.allrecipes.com/recipe/246187/chicken-in-garlic-and-black-bean-sauce/,6,15m,15m,50m,"1 tablespoon cornstarch | 1 tablespoon water | 1 tablespoon soy sauce | 1.5 teaspoons white sugar | 1 teaspoon salt | 6 skinless, boneless chicken breast halves, sliced | 1 cup bean sprouts | 1/4 cup water | 2 teaspoons oyster sauce | 1 teaspoon white sugar | 1 tablespoon vegetable oil | 3 tablespoons black bean sauce with garlic | 1 tablespoon chopped garlic | 1 onion, finely sliced | 0.5 bell pepper, chopped | 2 teaspoons cornstarch | 1 tablespoon water","2. To make the marinade: Mix 1 tablespoon cornstarch with 1 tablespoon water in a bowl; stir in light soy sauce, sugar, and salt. Add chicken; toss to combine. Set aside to marinate for 20 minutes. | 3. Bring water to a boil in a saucepan. Add bean sprouts; cook just until blanched, about 30 seconds; drain and set aside. | 4. Combine 1/4 cup water, oyster sauce, and sugar together in a small bowl; set aside. | 5. Heat vegetable oil in a skillet over high heat. Add black bean sauce and chopped garlic; cook and stir until fragrant, about 1 minute. Add onion; cook and stir until soft, 3 to 4 minutes. | 6. Add chicken and marinade mixture; stir-fry until cooked through and no longer pink in the middle, about 4 to 5 minutes. Stir in oyster sauce mixture; cook until heated through. Cover and simmer until flavors blend, about 1 or 2 minutes. Stir in bell pepper; cover and cook until softened, 1 to 2 minutes more. | 7. Dissolve 2 teaspoons cornstarch in 1 tablespoon water. Stir in bean sprouts and cornstarch mixture; cook until sauce is thickened, 2 to 3 minutes more.",266kcal,8g,2g,102mg,453mg,9g,1g,4g,38g,18mg,32mg,2mg,410mg
Bang Bang Chicken,https://www.allrecipes.com/recipe/273785/bang-bang-chicken/,4,15m,10m,40m,"0.33333334326744 cup milk | 1 large egg | 1 pound boneless, skinless chicken breasts, cut into 1-inch cubes | 0.25 cup potato starch | 0.25 cup all-purpose flour | 0.5 teaspoon salt | 0.25 teaspoon ground black pepper | 0.25 teaspoon shichimi togarashi (Japanese red pepper condiment) | 2 cups oil for frying, or as needed | 0.25 cup mayonnaise | 2 tablespoons honey | 2 tablespoons sweet chili sauce | 1 teaspoon gochujang (Korean hot pepper paste)","2. Whisk together milk and egg in a large bowl until well combined. Add chicken; stir to coat and allow to marinate for 15 minutes. Drain and discard egg mixture. | 3. Combine potato starch, flour, salt, pepper, and shichimi in a medium bowl. Pour into a large plastic resealable bag. Add chicken; seal the bag and shake until chicken is well coated. | 4. Heat 2 inches oil in a deep saucepan over medium heat to 325 degrees F (165 degrees C). Working in batches of about 5 to 8 pieces at a time, cook chicken in hot oil for about 90 seconds. Remove to a paper towel-lined plate; keep each batch separate. | 5. Increase oil temperature to 350 degrees F (175 degrees C). The oil should be continuously boiling at this point. Carefully re-add the first batch of chicken and fry for another 90 seconds. | 6. Remove to another paper towel-lined plate. Repeat with remaining batches of chicken. | 7. Mix together mayonnaise, honey, sweet chili sauce, and gochujang in a large serving bowl until combined. | 8. Toss fried chicken with sauce to coat. Serve and enjoy!",404kcal,21g,4g,112mg,546mg,27g,1g,13g,27g,0mg,48mg,2mg,261mg
Chinese Broccoli,https://www.allrecipes.com/recipe/128750/chinese-broccoli/,4,10m,10m,20m,"1 bunch Gai Lan (Chinese broccoli), trimmed | 3 tablespoons hoisin sauce | 2 tablespoons white sugar | 2 tablespoons soy sauce | 1 tablespoon cornstarch | 1 tablespoon rice vinegar | 1 tablespoon sesame oil | 2 cloves garlic, minced | 1 teaspoon minced fresh ginger root","2. Gather all ingredients. | 3. Bring a large pot of lightly salted water to a boil. Cook Chinese broccoli in boiling water, uncovered, until just tender, about 4 minutes. | 4. Drain and place in a shallow bowl. | 5. Whisk together hoisin sauce, sugar, soy sauce, cornstarch, rice vinegar, sesame oil, garlic, and ginger in a small saucepan over medium heat until sauce is thickened and no longer cloudy, 5 to 7 minutes. | 6. Pour sauce over broccoli; toss to coat and serve.",101kcal,4g,1g,0mg,634mg,15g,1g,10g,1g,7mg,32mg,0mg,115mg
Shrimp Egg Foo Young,https://www.allrecipes.com/recipe/163370/shrimp-egg-foo-young/,4,5m,20m,25m,8 ounces fresh bean sprouts | 1 cup cooked small shrimp | 4 eggs | 0.33333334326744 cup thinly sliced green onions | 0.25 teaspoon garlic powder | 2 tablespoons vegetable oil | 3 cups chicken broth | 2 tablespoons cornstarch | 2 tablespoons sugar | 2 tablespoons Chinese cooking wine | 2 tablespoons soy sauce,"2. Mix bean sprouts, shrimp, eggs, green onions, and garlic powder together in a large bowl until well combined. | 3. Heat oil in a skillet over medium heat. Add about 1/2 cup of egg mixture into the skillet to make a patty. Repeat to add more egg patties to the skillet. Working in batches, fry patties until golden brown, about 4 minutes per side. | 4. Meanwhile, to make the sauce: Whisk chicken broth, cornstarch, sugar, cooking wine, and soy sauce together in a saucepan over medium-low heat; simmer until sauce thickens, about 5 minutes. | 5. Spoon sauce over egg patties.",227kcal,12g,3g,248mg,598mg,15g,1g,9g,15g,10mg,54mg,3mg,252mg
Restaurant Style Egg Drop Soup,https://www.allrecipes.com/recipe/45515/restaurant-style-egg-drop-soup/,4,10m,10m,20m,"4 cups chicken broth, divided | 2 tablespoons chopped fresh chives | 0.25 teaspoon salt | 0.125 teaspoon ground ginger | 1.5 tablespoons cornstarch | 2 eggs | 1 egg yolk","2. Gather all ingredients. | 3. Reserve 3/4 cup of chicken broth, and pour the rest into a large saucepan. Stir in chives, salt, and ginger; bring to a rolling boil. Stir reserved 3/4 cup of broth and cornstarch until smooth. Set aside. | 4. Whisk eggs and egg yolk together in a small bowl with a fork. Using a fork, drizzle eggs, a little at a time, into boiling broth. Eggs will cook immediately. | 5. Stir in cornstarch mixture gradually until soup reaches desired consistency.",76kcal,4g,1g,149mg,1143mg,4g,0g,1g,5g,1mg,20mg,1mg,43mg
Grilled Asian Chicken,https://www.allrecipes.com/recipe/8919/grilled-asian-chicken/,4,15m,15m,45m,"0.25 cup soy sauce | 2 tablespoons honey | 4 teaspoons sesame oil | 2 cloves garlic, crushed | 3 slices fresh ginger root | 4 skinless, boneless chicken breast halves","2. Gather all ingredients. | 3. Combine soy sauce, honey, sesame oil, garlic, and ginger in a small microwave-safe bowl; heat in the microwave on medium power for 1 minute, then stir. Heat again for 30 seconds, watching closely to prevent boiling. | 4. Place chicken breasts in a shallow dish. Pour soy sauce mixture over top and set aside to marinate for 15 minutes. | 5. Preheat an outdoor grill for medium-high heat and lightly oil the grate. Meanwhile, remove chicken from marinade; transfer marinade into a small saucepan and bring to a boil. Reduce heat to low and simmer until thick, about 1 minute. Set aside for basting. | 6. Cook chicken on the preheated grill, basting frequently with reserved marinade, until golden brown on all sides and chicken is no longer pink in the center, about 6 to 8 minutes per side. An instant-read meat thermometer inserted into the thickest piece should read at least 160 degrees F (70 degrees C).",217kcal,8g,2g,67mg,961mg,11g,0g,9g,26g,1mg,19mg,1mg,255mg
Honey Walnut Shrimp,https://www.allrecipes.com/recipe/93234/honey-walnut-shrimp/,4,15m,20m,35m,"1 cup water | 0.66666668653488 cup white sugar | 0.5 cup walnuts | 4 large egg whites | 0.66666668653488 cup mochiko (glutinous rice flour) | 1 cup vegetable oil for frying | 1 pound large shrimp, peeled and deveined | 0.25 cup mayonnaise | 2 tablespoons honey | 1 tablespoon canned sweetened condensed milk","2. Gather all ingredients. | 3. Stir water and sugar together in a small saucepan over high heat. Bring to a boil and add walnuts. Boil for 2 minutes, then drain and place walnuts on a cookie sheet to dry. | 4. Whip egg whites in a medium bowl until foamy. Stir in mochiko until it has a pasty consistency. | 5. Heat oil in a heavy deep skillet over medium-high heat. Dip shrimp in mochiko batter, then fry in batches in hot oil until golden brown, about 5 minutes. | 6. Remove with a slotted spoon and drain on paper towels. | 7. Stir together mayonnaise, honey, and sweetened condensed milk in a medium serving bowl. | 8. Add fried shrimp and toss to coat with sauce. Sprinkle candied walnuts on top and serve.",605kcal,26g,4g,179mg,340mg,68g,2g,45g,26g,2mg,69mg,3mg,317mg
Chinese Black Bean Sauce,https://www.allrecipes.com/recipe/282584/chinese-black-bean-sauce/,15,15m,20m,35m,"8 ounces dried fermented black beans | 1.5 cups vegetable oil | 4 Thai chiles, chopped | 1 medium shallot, minced | 1 (2 inch) piece fresh ginger, peeled and grated | 3 cloves garlic, minced | 3 tablespoons reduced-sodium tamari | 2 tablespoons Shaoxing rice wine | 1 teaspoon brown sugar | 0.5 teaspoon ground Sichuan pepper | 0.5 teaspoon Chinese five-spice powder | 1 teaspoon sesame oil","2. Rinse black beans thoroughly and dry. Remove about 1/4 cup and set aside. Roughly chop the rest of the beans. | 3. Heat vegetable oil in a large saucepan over medium-low heat. Add chiles, shallot, ginger, and garlic. Fry until soft and fragrant, about 5 minutes. Do not let the ingredients burn. Reduce the heat if necessary. The objective is to slow cook the ingredients. | 4. Add all the beans; both chopped and whole. Simmer, stirring often, until the beans are soft, about 2 minutes. Add tamari, rice wine, brown sugar, ground Sichuan pepper, and five spice. Simmer until thickened, stirring often. Remove from heat; let cool, about 10 minutes. | 5. Mix in sesame oil and cover. As the sauce rests, the beans will settle and the oil will float, creating a barrier which will protect it from mold. The sauce is ready to use or store in an airtight container in the refrigerator for up to 1 month.",211kcal,22g,4g,not provided,203mg,3g,0g,1g,1g,30mg,7mg,0mg,67mg
Chinese Chicken Fried Rice,https://www.allrecipes.com/recipe/17161/chinese-chicken-fried-rice-i/,7,25m,15m,40m,"0.5 tablespoon sesame oil | 1 onion, diced | 1.5 pounds cooked, cubed chicken meat | 2 tablespoons soy sauce | 2 large carrots, diced | 2 stalks celery, diced | 1 large red bell pepper, diced | 0.75 cup fresh pea pods, halved | 0.5 large green bell pepper, diced | 6 cups cooked white rice | 2 large eggs, scrambled | 0.33333334326744 cup soy sauce","2. Heat sesame oil in a large skillet over medium heat. Add onion and sauté until soft. Add cooked chicken and 2 tablespoons soy sauce; stir-fry for 5 to 6 minutes. | 3. Stir in carrots, celery, red bell pepper, pea pods, and green bell pepper; stir-fry for 5 minutes. Mix in cooked rice until thoroughly combined. | 4. Stir in scrambled eggs and 1/3 cup soy sauce; cook until heated through and serve hot.",425kcal,10g,3g,134mg,1060mg,48g,3g,4g,35g,48mg,60mg,4mg,504mg
Crispy Ginger Beef,https://www.allrecipes.com/recipe/237807/crispy-ginger-beef/,5,25m,20m,45m,"0.75 cup cornstarch | 0.5 cup water | 2 large eggs | 1 pound flank steak, cut into thin strips | 0.5 cup canola oil, or as needed | 1 large carrot, cut into matchstick-size pieces | 1 green bell pepper, cut into matchstick-size pieces | 1 red bell pepper, cut into matchstick-size pieces | 3 green onions, chopped | 0.25 cup minced fresh ginger root | 5 garlic cloves, minced | 0.5 cup white sugar | 0.25 cup rice vinegar | 3 tablespoons soy sauce | 1 tablespoon sesame oil | 1 tablespoon red pepper flakes, or to taste","2. Place cornstarch in a large bowl; gradually whisk in water until smooth. Whisk eggs into cornstarch mixture; toss steak strips in mixture to coat. | 3. Pour canola oil into a wok, 1-inch deep; heat oil over high heat until hot but not smoking. Place 1/4 of the beef strips into hot oil; separate strips with a fork. Cook, stirring frequently, until coating is crisp and golden, about 3 minutes. Remove beef to drain on paper towels; repeat with remaining beef. | 4. Drain off all but 1 tablespoon oil; cook and stir carrot, bell peppers, green onions, ginger, and garlic over high heat until lightly browned but still crisp, about 3 minutes. | 5. Whisk sugar, rice vinegar, soy sauce, sesame oil, and red pepper flakes together in a small bowl. Pour sauce mixture over vegetables in wok; bring mixture to a boil. Stir beef back into vegetable mixture; cook and stir just until heated through, about 3 minutes.",364kcal,14g,4g,103mg,614mg,45g,2g,23g,15g,54mg,39mg,3mg,398mg
Moo Goo Gai Pan,https://www.allrecipes.com/recipe/165846/moo-goo-gai-pan/,4,20m,15m,35m,"2 tablespoons vegetable oil, divided | 2 cups chopped broccoli florets | 1 cup sliced fresh mushrooms | 1 (15 ounce) can whole straw mushrooms, drained | 1 (8 ounce) can sliced bamboo shoots, drained | 1 (8 ounce) can sliced water chestnuts, drained | 2 cloves garlic, minced | 1 pound skinless, boneless chicken breast, cut into strips | 0.25 cup chicken broth | 1 tablespoon cornstarch | 1 tablespoon white sugar | 1 tablespoon soy sauce | 1 tablespoon oyster sauce | 1 tablespoon rice wine","2. Heat 1 tablespoon oil in a wok over high heat until it begins to smoke. Stir in broccoli and fresh mushrooms, then add straw mushrooms, bamboo shoots, and water chestnuts. Stir-fry until broccoli is tender and all vegetables are hot, about 5 minutes. Transfer to a bowl and wipe out the wok. | 3. Heat remaining 1 tablespoon oil in the wok over high heat until it begins to smoke. Add garlic and stir-fry until it turns golden, a few seconds. Add chicken and stir-fry until browned on the edges and no longer pink in the center, about 5 minutes. | 4. Stir broth, cornstarch, sugar, soy sauce, oyster sauce, and rice wine together in a small bowl; pour over chicken in the wok and bring to a boil, stirring constantly. Boil until sauce thickens and is no longer cloudy, about 30 seconds. Return vegetables to the wok; toss with sauce and cook until heated through, about 1 minute.",307kcal,10g,2g,66mg,833mg,23g,6g,not provided,34g,43mg,55mg,4mg,695mg
Sweet and Sour Pork,https://www.allrecipes.com/recipe/31144/sweet-and-sour-pork-iii/,4,30m,30m,2h 0m,"1 pound pork butt, cut into 1 inch cubes | 1 teaspoon soy sauce | 1 teaspoon salt | 0.25 teaspoon white sugar | 1 egg white | 2 green onions, chopped | 1 quart vegetable oil for frying | 0.5 cup cornstarch | 1 tablespoon vegetable oil | 3 stalks celery, cut into 1/2 inch pieces | 1 medium green bell pepper, cut into 1 inch pieces | 1 medium onion, cut into wedges | 1 pinch white sugar, or to taste | salt to taste | 1.25 cups water, divided | 0.75 cup white sugar | 0.33333334326744 cup apple cider vinegar | 0.25 cup ketchup | 0.5 teaspoon soy sauce | 0.25 teaspoon salt | 1 (8 ounce) can pineapple chunks, undrained | 2 tablespoons cornstarch","2. Gather all ingredients. | 3. Place cubed pork in a medium bowl and season with soy sauce, salt, and sugar for marinade. | 4. Add egg white and green onions and mix until well-combined. Cover and place in the refrigerator for at least 1 hour. | 5. Heat 1 quart oil to 365 degrees F (185 degrees C) in a large, heavy saucepan or deep fryer. Coat pork with cornstarch. | 6. Fry in hot oil until evenly browned, about 10 minutes. Drain on paper towels and set aside. | 7. Heat oil for vegetables in a wok over medium heat. Stir in celery, bell pepper, and onion; cook until tender, about 5 minutes. Season with pinch of sugar and salt. Remove from heat and set aside. | 8. Mix 1 cup water, 3/4 cup sugar, apple cider vinegar, ketchup, soy sauce, and salt in a large saucepan; bring to a boil over high heat. | 9. Stir in cooked pork, celery mixture, and pineapple chunks with juice. | 10. Return to a boil, then mix in remaining 1/4 cup water and cornstarch. Cook until thickened and warmed through, about 2 minutes.",663kcal,35g,7g,43mg,1085mg,75g,2g,52g,14g,36mg,57mg,2mg,517mg
Crispy Orange Beef,https://www.allrecipes.com/recipe/57966/crispy-orange-beef/,6,20m,50m,1h 40m,"1.5 pounds beef top sirloin, thinly sliced | 2 cups water | 1 cup long grain rice | 0.33333334326744 cup white sugar | 0.33333334326744 cup rice wine vinegar | 2 tablespoons frozen orange juice concentrate | 1 tablespoon soy sauce | 1 teaspoon salt | 2 cups oil for frying | 0.25 cup cornstarch | 3 tablespoons grated fresh ginger | 1.5 tablespoons minced garlic | 2 teaspoons orange zest | 8 broccoli florets, lightly steamed or blanched","2. Gather all ingredients. | 3. Lay beef in a single layer on a baking sheet lined with paper towels. Allow to dry in the refrigerator for 30 minutes. | 4. Meanwhile, bring water and rice to a boil in a medium saucepan. | 5. Reduce heat to medium-low, cover, and simmer until rice is tender, about 20 minutes. | 6. Mix together sugar, rice vinegar, orange juice concentrate, soy sauce, and salt in a small bowl. Set aside. | 7. Heat oil in a wok over medium-high heat. Toss dried beef in cornstarch to coat. | 8. Fry coated beef in hot oil in small batches until crispy and golden brown; set aside. Drain oil from the wok, leaving about 1 tablespoon. | 9. Add ginger, garlic, and orange zest to remaining oil in wok. | 10. Cook and stir briefly until fragrant. Pour in soy sauce mixture; bring to a boil and cook until thick and syrupy, about 5 minutes. | 11. Stir in fried beef and cook until heated through. | 12. Serve hot over steamed rice and garnish with broccoli.",507kcal,19g,5g,61mg,651mg,59g,6g,17g,27g,189mg,122mg,5mg,983mg
Chinese Pepper Steak,https://www.allrecipes.com/recipe/172704/chinese-pepper-steak/,4,15m,15m,30m,"1 pound beef top sirloin steak | 0.25 cup soy sauce | 2 tablespoons white sugar | 2 tablespoons cornstarch | 0.5 teaspoon ground ginger | 3 tablespoons vegetable oil, divided | 1 red onion, cut into 1-inch squares | 1 green bell pepper, cut into 1-inch squares | 2 tomatoes, cut into wedges","2. Slice steak into 1/2-inch thick slices across the grain. | 3. Whisk together soy sauce, sugar, cornstarch, and ginger in a bowl until the sugar has dissolved and the mixture is smooth. Place steak slices into the marinade, and stir until well-coated. | 4. Heat 1 tablespoon vegetable oil in a wok or large skillet over medium-high heat, and cook steak strips in batches in hot oil so as not to crowd the pan. Cook and stir until well-browned, about 3 minutes, and remove steak from the wok to a bowl. Repeat with remaining steak, adding more oil as needed, and set the cooked meat aside. | 5. Return cooked steak strips to the hot wok, and stir in onion. Toss steak and onion together until onion begins to soften, about 2 minutes, then stir in green pepper. | 6. Cook and stir the mixture until peppers have turned bright green and started to become tender, about 2 minutes more, then add tomatoes. | 7. Stir everything together to mix and blend flavors, and serve.",312kcal,15g,3g,69mg,972mg,17g,2g,10g,26g,32mg,25mg,4mg,647mg
Kung Pao Chicken,https://www.allrecipes.com/recipe/9027/kung-pao-chicken/,4,30m,30m,1h 30m,"2 tablespoons cornstarch, dissolved in 2 tablespoons water | 2 tablespoons white wine, divided | 2 tablespoons soy sauce, divided | 2 tablespoons sesame oil, divided | 1 pound skinless, boneless chicken breast halves - cut into chunks | 1 ounce hot chile paste | 2 teaspoons brown sugar | 1 teaspoon distilled white vinegar | 1 (8 ounce) can water chestnuts | 4 ounces chopped peanuts | 4 green onions, chopped | 1 tablespoon chopped garlic","2. Gather all ingredients. | 3. Combine water and cornstarch in a cup; set aside. | 4. Combine 1 tablespoon wine, 1 tablespoon soy sauce, 1 tablespoon sesame oil, and 1 tablespoon cornstarch/water mixture in a large glass bowl. Add chicken pieces and toss to coat. Cover the dish and refrigerate for about 30 minutes. | 5. Combine remaining 1 tablespoon wine, 1 tablespoon soy sauce, 1 tablespoon sesame oil, and remaining cornstarch/water mixture in a medium bowl. Whisk in chili paste, brown sugar, and vinegar. Add water chestnuts, peanuts, green onions, and garlic and toss to coat. | 6. Transfer water chestnut mixture to a medium skillet. Heat slowly over medium heat until aromatic. | 7. Meanwhile, transfer chicken from marinade into a large skillet; cook over medium-high heat, stirring, until chicken is cooked through and juices run clear. | 8. Combine water chestnut mixture and sautéed chicken together in one skillet. Adjust heat and simmer together until sauce thickens.",437kcal,23g,4g,66mg,596mg,25g,4g,7g,34g,not provided,not provided,not provided,not provided
Shrimp with Lobster Sauce,https://www.allrecipes.com/recipe/57716/shrimp-with-lobster-sauce/,4,5m,20m,25m,"1.5 teaspoons cornstarch | 2 teaspoons cooking sherry | 1 pound medium shrimp - peeled and deveined | 0.25 cup vegetable oil | 2 cloves garlic, minced | 0.25 pound ground pork | 1 cup water | 2 tablespoons soy sauce | 0.25 teaspoon sugar | 0.5 teaspoon salt | 0.25 cup cold water | 1.5 tablespoons cornstarch | 1 large egg, beaten","2. Dissolve 1 1/2 teaspoons cornstarch in sherry in a medium bowl. Add shrimp and toss to coat. | 3. Heat oil in a wok over medium-high heat. Add shrimp and stir-fry until pink, 3 to 5 minutes. Use a slotted spoon to transfer shrimp to a plate; leave as much oil in the wok as possible. | 4. Add garlic to the wok and stir-fry for a few seconds, then add ground pork. Stir-fry until pork is no longer pink, 3 to 5 minutes. | 5. Mix 1 cup water, soy sauce, sugar, and salt together in a small bowl; pour into the wok and stir to combine. Bring to a boil, then cover, reduce the heat to medium, and simmer for about 2 minutes. | 6. Whisk 1/4 cup cold water and 1 1/2 tablespoons cornstarch together in a small bowl; pour into the wok. Add shrimp and bring to a simmer. Drizzle beaten egg into the wok, stirring quickly as it cooks. Serve immediately.",308kcal,20g,4g,237mg,989mg,5g,0g,0g,26g,3mg,52mg,3mg,274mg
Chinese Pork Dumplings,https://www.allrecipes.com/recipe/228052/chinese-pork-dumplings/,5,20m,1h 0m,1h 20m,"0.5 cup soy sauce | 1 tablespoon seasoned rice vinegar | 1 tablespoon finely chopped Chinese chives | 1 tablespoon sesame seeds | 1 teaspoon chile-garlic sauce (such as Sriracha®) | 1 pound ground pork | 3 cloves garlic, minced | 1 large egg, beaten | 2 tablespoons finely chopped Chinese chives | 2 tablespoons soy sauce | 1.5 tablespoons sesame oil | 1 tablespoon minced fresh ginger | 50 dumpling wrappers | 0.5 cup vegetable oil for frying, or as needed","2. To make the dipping sauce: Combine soy sauce, rice vinegar, chives, sesame seeds, and chile-garlic sauce in a small bowl. Set aside. | 3. To make the dumplings: Mix pork, garlic, egg, chives, soy sauce, sesame oil, and ginger in a large bowl until thoroughly combined. | 4. Place a dumpling wrapper on a lightly floured work surface and spoon about 1 tablespoon of filling in the middle. | 5. Wet the edge with a little water and crimp together forming small pleats to seal the dumpling. Repeat to form remaining dumplings. | 6. Heat 1 to 2 tablespoons vegetable oil in a large skillet over medium-high heat. Place 8 to 10 dumplings in the pan and cook until browned, about 2 minutes per side. | 7. Pour in 1 cup of water; cover and cook until dumplings are tender and pork is cooked through, about 5 minutes. | 8. Repeat to cook remaining dumplings, adding more oil and water for each batch. | 9. Serve dumplings with dipping sauce.",540kcal,25g,7g,103mg,2373mg,50g,2g,1g,28g,2mg,91mg,5mg,403mg
Wonton Soup,https://www.allrecipes.com/recipe/13199/wonton-soup/,6,30m,10m,1h 5m,"0.5 pound boneless pork loin, coarsely chopped | 2 ounces peeled shrimp, finely chopped | 1 tablespoon Chinese rice wine | 1 tablespoon light soy sauce | 1 teaspoon brown sugar | 1 teaspoon finely chopped green onions | 1 teaspoon chopped fresh ginger root | 24 (3.5 inch square) wonton wrappers | 3 cups chicken stock | 2 tablespoons finely chopped green onions","2. Gather all ingredients. | 3. To make the wontons: Mix pork, shrimp, rice wine, soy sauce, brown sugar, green onions, and ginger together in a large bowl until well combined. Let stand for 25 to 30 minutes. | 4. Spoon about 1 teaspoon filling onto the center of a wonton wrapper. Moisten all four wrapper edges with water and fold over filling to make a triangle; press the edges firmly to seal. | 5. Bring left and right corners together above filling; overlap the tips of these corners, moisten with water, and press together to seal. Repeat until all wrappers have been filled and sealed. | 6. To make the soup: Bring chicken stock to a rolling boil in a pot. Gently drop in wontons and cook for 5 minutes. | 7. Ladle into bowls and garnish with green onions. | 8. Enjoy!",195kcal,6g,2g,44mg,887mg,21g,1g,not provided,13g,1mg,30mg,2mg,195mg
Moo Shu Chicken,https://www.allrecipes.com/recipe/273598/moo-shu-chicken/,4,20m,30m,50m,"6 tablespoons cold water, divided | 3 teaspoons sesame oil, divided | 2 teaspoons cornstarch | 1 pound chicken breast tenderloins, cut into thin strips | 2 tablespoons hoisin sauce | 2 tablespoons oyster sauce | 2 teaspoons soy sauce | 2 teaspoons vegetable oil, divided | 2 large eggs, beaten | 3 cups shredded cabbage or coleslaw mix | 1 (4 ounce) can sliced shiitake mushrooms, drained | 2 cloves garlic, minced | 1 tablespoon sherry | 3 green onions, chopped","2. Whisk 2 tablespoons water, 2 teaspoons sesame oil, and cornstarch together in a large bowl. Add chicken, toss to coat, and set aside. | 3. Combine remaining 4 tablespoons water and 1 teaspoon sesame oil in a separate bowl. Whisk in hoisin sauce, oyster sauce, and soy sauce until well combined; set sauce aside. | 4. Heat 1 teaspoon oil in a skillet over medium heat. Add eggs and cook for 3 minutes; flip and cook until firm and set, about 3 minutes more. Transfer to a cutting board and slice into thin strips. | 5. Add marinated chicken to the skillet and cook over medium-high heat for 6 minutes. Flip and cook until golden brown on the outside and the juices run clear, about 6 minutes more; transfer to a plate. | 6. Heat remaining 1 teaspoon oil in the skillet over medium-high heat. Add cabbage, shiitake mushrooms, garlic, and sherry; cook until cabbage starts to wilt, about 2 minutes. Add chicken, sliced egg, and reserved sauce to the skillet; cook, stirring occasionally, until sauce has thickened, about 5 minutes. Toss in green onions and serve immediately.",319kcal,14g,3g,157mg,585mg,17g,2g,3g,30g,25mg,72mg,2mg,453mg
Quick Chinese-Style Vermicelli (Rice Noodles),https://www.allrecipes.com/recipe/41761/quick-chinese-style-vermicelli-rice-noodles/,4,5m,10m,15m,"1 (8 ounce) package dried rice noodles | 2 tablespoons vegetable oil | 1 clove garlic, minced | 1 tablespoon soy sauce | 0.5 tablespoon chili sauce | salt and pepper to taste | 1 green onion, chopped","2. Fill a large pot with water and bring to a rolling boil; stir in rice noodles and return to a boil. Cook until al dente, 2 to 3 minutes; try not to overcook as they will become mushy. Drain. | 3. Heat oil in a large skillet over medium heat. Add garlic and sauté until tender. Stir in noodles; season with soy sauce, chili sauce, salt, and pepper. Sprinkle with chopped green onion.",271kcal,7g,1g,not provided,357mg,48g,1g,0g,2g,1mg,15mg,1mg,47mg
Chinese Hand-Pulled Noodles in Beef Broth,https://www.allrecipes.com/recipe/280980/chinese-hand-pulled-noodles-in-beef-broth/,8,30m,2h 45m,3h 55m,"1 gallon water | 2 pounds boneless beef shoulder, cubed | 0.25 cup sliced fresh ginger | 2 tablespoons Szechuan peppercorns | 2 dried tsaoko | 2 pieces dried mandarin orange peel | 4 bay leaves | 2 tablespoons salt, or to taste | 8 cups all-purpose flour | 2.5 cups water | 0.25 cup vegetable oil | 1 pound daikon (white radish), peeled and sliced | 3 stalks green garlic, chopped | 1 bunch fresh cilantro, chopped | 8 drops chili oil, or to taste","2. Bring water to a boil in a large pot. Add beef, ginger, Szechuan peppercorns, dried tsaoko, dried mandarin peels, and bay leaves; bring soup back to a boil, reduce to a simmer and cook, covered, for 2 hours. | 3. Discard whole spices. Season beef broth with salt to taste. Cover and keep warm. | 4. Place flour in a large bowl and gradually mix in water. Mix until dough comes together; knead until smooth, 15 to 20 minutes. Cover with plastic wrap and let rest for 15 minutes. | 5. Knead dough again for 2 minutes; cover and let rest for 15 minutes. | 6. Knead dough one more time for 2 minutes. Divide into 4 equal pieces. Roll each piece into a 3/8-inch-thick sheet. Brush both sides of each sheet with oil. Stack sheets together; cover with plastic wrap and let rest for 10 to 15 minutes. | 7. Fill a large saucepan with water and bring to a boil. Add sliced daikon and cook for 10 to 15 minutes. Remove using a slotted spoon and drain well; set aside. Save water to cook the noodles. | 8. Place 1 sheet of dough on a cutting board and slice into 1/8-inch-wide strips. Take one end of a strip in each hand and stretch it until it is 30 to 35 inches long. Fold it into thirds and stretch again to the same length; shake and slap against the counter several times to lengthen it to 2 to 3 yards. Drop it into the boiling water. Add 2 to 3 more strips of noodles to the boiling water; cook until tender, 5 to 10 minutes. Transfer drained noodles to a serving bowl. | 9. Repeat the process with the remaining sheets of dough. Pour beef broth on top of the drained noodles and top with cooked beef, daikon, chopped green garlic, cilantro, and chili oil.",671kcal,15g,4g,53mg,1816mg,101g,5g,2g,29g,19mg,79mg,9mg,485mg
General Tao Chicken,https://www.allrecipes.com/recipe/146579/general-tao-chicken/,6,25m,25m,50m,"2 pounds skinless, boneless chicken breast halves - cut into bite-size pieces | 0.25 cup cornstarch | 2 large eggs | 1 teaspoon salt | 0.5 teaspoon ground black pepper | 6 tablespoons all-purpose flour | 1 teaspoon baking powder | 0.5 cup vegetable oil | 0.5 cup chopped green onion | 2 tablespoons grated fresh ginger root | 4 teaspoons sesame oil | 0.5 cup water | 0.5 cup white sugar | 0.25 cup distilled white vinegar | 2 tablespoons cornstarch | 2 tablespoons soy sauce | 0.25 cup oyster sauce | 0.25 cup ketchup","2. Gather the ingredients. | 3. Coat chicken pieces with cornstarch in a bowl; set aside. Beat eggs, salt, and pepper in a mixing bowl until combined. Stir in flour and baking powder until no large lumps remain. Mix in chicken pieces until evenly coated. | 4. Heat vegetable oil in a large skillet or wok over high heat. Cook chicken in hot oil until golden brown and no longer pink on the inside, about 12 minutes. Set chicken aside; keep warm. | 5. Make sauce: Reduce heat to medium-high; add green onion, ginger, and sesame oil to the skillet. Cook and stir until onion is limp and ginger begins to brown, about 1 minute. Pour in water, sugar, and vinegar; bring to a boil | 6. Dissolve cornstarch in soy sauce in a small bowl and stir into vinegar mixture along with oyster sauce and ketchup. Cook until sauce has thickened and is no longer cloudy. Stir in chicken; simmer until heated through.",522kcal,27g,5g,148mg,1055mg,35g,1g,19g,35g,3mg,82mg,2mg,375mg
Chinese Chicken Wings,https://www.allrecipes.com/recipe/214464/chinese-chicken-wings/,12,5m,1h 5m,9h 10m,"2 cups soy sauce | 2 cups brown sugar | 2 tablespoons garlic powder | 5 pounds chicken wings, split and tips discarded","2. Stir together soy sauce, brown sugar, and garlic powder in a saucepan over medium heat. Cook and stir until sugar has dissolved. Remove from heat and allow to cool. | 3. Place chicken wings in a large bowl. Pour soy sauce mixture over wings and toss to coat evenly. Cover the bowl with plastic wrap. Allow chicken to marinate in the refrigerator for 8 hours to overnight. | 4. Preheat the oven to 350 degrees F (175 degrees C). | 5. Pour chicken wings and marinade into a 9x13-inch baking dish. Cover the baking dish with aluminum foil. | 6. Bake in the preheated oven until thoroughly hot, about 45 minutes. Remove foil and bake for 15 more minutes. Serve hot.",256kcal,9g,3g,40mg,2451mg,28g,1g,25g,16g,0mg,36mg,2mg,227mg
Easy Chinese Corn Soup,https://www.allrecipes.com/recipe/29704/easy-chinese-corn-soup/,4,5m,10m,15m,"1 (15 ounce) can cream style corn | 1 (14.5 ounce) can low-sodium chicken broth | 1 tablespoon cornstarch | 2 tablespoons water | 1 large egg, beaten","2. Combine corn and chicken broth in a saucepan. Bring to a boil over medium-high heat. | 3. Mix together cornstarch and water in a small bowl or cup; pour into the boiling corn soup, and continue cooking for about 2 minutes, or until thickened. | 4. Gradually add beaten egg while stirring the soup. Remove from heat and serve.",121kcal,2g,1g,48mg,409mg,24g,2g,4g,5g,6mg,11mg,1mg,178mg
