ingredient,effect,reason
acacia honey,negative,"It is a form of sugar that raises blood glucose levels, despite having a lower glycemic index than some other sweeteners."
achiote,neutral,"Used as a spice in small amounts, it has a negligible impact on blood sugar levels."
achiote seed,neutral,"Used as a spice in small amounts, it has a negligible impact on blood sugar levels."
active dry yeast,neutral,"As a leavening agent, it has a negligible effect on blood sugar. The food it is used in is the primary factor affecting glucose."
adobo sauce,negative,"Commercial versions are often high in sodium and may contain added sugars, which are detrimental for managing diabetes and associated cardiovascular risks."
adobo seasoning,negative,"Typically very high in sodium (salt), which can contribute to high blood pressure, a common concern for individuals with diabetes."
aji amarillo,positive,"A non-starchy vegetable that is low in carbohydrates and calories, adding flavor without negatively impacting blood sugar levels."
aji amarillo chile paste,negative,"Commercial pastes often contain high levels of sodium and may include added sugars, which are not recommended for diabetes management."
aji amarillo chili paste,negative,"Commercial pastes often contain high levels of sodium and may include added sugars, which are not recommended for diabetes management."
aji amarillo pepper,positive,"A non-starchy vegetable that is low in carbohydrates and calories, adding flavor without negatively impacting blood sugar levels."
